{"cameraMode":{"drawMode":0,"name":"Shaded","section":"Shading Mode"},"sceneLighting":false,"audioPlay":false,"sceneViewState":{"showFog":true,"showMaterialUpdate":false,"showSkybox":true,"showFlares":true,"showImageEffects":true,"showParticleSystems":true},"in2DMode":false,"pivot":{"x":0.03752271085977554,"y":1.268029808998108,"z":1.528190016746521},"rotation":{"x":-0.001315640052780509,"y":-0.9298350214958191,"z":0.36795929074287417,"w":-0.003325988305732608},"size":0.06615757942199707,"orthographic":false}