{"cameraMode":{"drawMode":0,"name":"Shaded","section":"Shading Mode"},"sceneLighting":false,"audioPlay":false,"sceneViewState":{"showFog":true,"showMaterialUpdate":false,"showSkybox":true,"showFlares":true,"showImageEffects":true,"showParticleSystems":true},"in2DMode":false,"pivot":{"x":0.0010426044464111329,"y":0.9334355592727661,"z":0.0},"rotation":{"x":-0.24557369947433473,"y":0.7263221740722656,"z":-0.3207278549671173,"w":-0.5561325550079346},"size":4.329395294189453,"orthographic":false}