{"cameraMode":{"drawMode":0,"name":"Shaded","section":"Shading Mode"},"sceneLighting":false,"audioPlay":false,"sceneViewState":{"showFog":true,"showMaterialUpdate":false,"showSkybox":true,"showFlares":true,"showImageEffects":true,"showParticleSystems":true},"in2DMode":false,"pivot":{"x":0.05178546905517578,"y":2.10882568359375,"z":0.051638126373291019},"rotation":{"x":-0.33994102478027346,"y":-0.22056381404399873,"z":0.082347571849823,"w":-0.9105002284049988},"size":19.45471954345703,"orthographic":false}