{"cameraMode":{"drawMode":0,"name":"Shaded","section":"Shading Mode"},"sceneLighting":false,"audioPlay":false,"sceneViewState":{"showFog":true,"showMaterialUpdate":false,"showSkybox":true,"showFlares":true,"showImageEffects":true,"showParticleSystems":true},"in2DMode":false,"pivot":{"x":-151.12197875976563,"y":0.15239234268665315,"z":77.99639129638672},"rotation":{"x":-0.2551611065864563,"y":-0.5800600647926331,"z":0.19791772961616517,"w":-0.747831404209137},"size":1.6047542095184327,"orthographic":false}