{"cameraMode":{"drawMode":0,"name":"Shaded","section":"Shading Mode"},"sceneLighting":false,"audioPlay":false,"sceneViewState":{"showFog":true,"showMaterialUpdate":false,"showSkybox":true,"showFlares":true,"showImageEffects":true,"showParticleSystems":true},"in2DMode":false,"pivot":{"x":0.11159518361091614,"y":-0.02927677147090435,"z":-2.9802322387695315e-8},"rotation":{"x":-0.10830813646316529,"y":-0.8707444071769714,"z":0.2217349410057068,"w":-0.4253317713737488},"size":1.784867525100708,"orthographic":false}