{"cameraMode":{"drawMode":0,"name":"Shaded","section":"Shading Mode"},"sceneLighting":false,"audioPlay":false,"sceneViewState":{"showFog":true,"showMaterialUpdate":false,"showSkybox":true,"showFlares":true,"showImageEffects":true,"showParticleSystems":true},"in2DMode":false,"pivot":{"x":-1.5074033737182618,"y":0.20137664675712586,"z":-0.8166216611862183},"rotation":{"x":0.4686751067638397,"y":0.010385138913989067,"z":-0.005509905982762575,"w":0.8832924365997315},"size":4.183838367462158,"orthographic":false}