{"cameraMode":{"drawMode":0,"name":"Shaded","section":"Shading Mode"},"sceneLighting":false,"audioPlay":false,"sceneViewState":{"showFog":true,"showMaterialUpdate":false,"showSkybox":true,"showFlares":true,"showImageEffects":true,"showParticleSystems":true},"in2DMode":false,"pivot":{"x":1.4591056108474732,"y":-1.0638751983642579,"z":0.703926146030426},"rotation":{"x":-0.263346403837204,"y":-0.6882942914962769,"z":0.2990027964115143,"w":-0.6062152981758118},"size":4.911149978637695,"orthographic":false}