{"cameraMode":{"drawMode":0,"name":"Shaded","section":"Shading Mode"},"sceneLighting":false,"audioPlay":false,"sceneViewState":{"showFog":true,"showMaterialUpdate":false,"showSkybox":true,"showFlares":true,"showImageEffects":true,"showParticleSystems":true},"in2DMode":false,"pivot":{"x":3.725290298461914e-9,"y":0.10769638419151306,"z":-0.050287842750549319},"rotation":{"x":-0.33576127886772158,"y":-0.14673490822315217,"z":0.05303631350398064,"w":-0.9289351105690002},"size":1.7066762447357178,"orthographic":false}