{"cameraMode":{"drawMode":0,"name":"Shaded","section":"Shading Mode"},"sceneLighting":false,"audioPlay":false,"sceneViewState":{"showFog":true,"showMaterialUpdate":false,"showSkybox":true,"showFlares":true,"showImageEffects":true,"showParticleSystems":true},"in2DMode":false,"pivot":{"x":0.10941845178604126,"y":-1.3436378240585328,"z":-3.1608498096466066},"rotation":{"x":0.008666050620377064,"y":0.9800078868865967,"z":-0.19388297200202943,"w":0.04380577430129051},"size":7.258585453033447,"orthographic":false}