{"cameraMode":{"drawMode":0,"name":"Shaded","section":"Shading Mode"},"sceneLighting":false,"audioPlay":false,"sceneViewState":{"showFog":true,"showMaterialUpdate":false,"showSkybox":true,"showFlares":true,"showImageEffects":true,"showParticleSystems":true},"in2DMode":false,"pivot":{"x":0.26864850521087649,"y":-0.14901494979858399,"z":0.8681549429893494},"rotation":{"x":0.1750899851322174,"y":0.32099881768226626,"z":-0.060512132942676547,"w":0.9287850260734558},"size":2.710052013397217,"orthographic":false}