{"cameraMode":{"drawMode":0,"name":"Shaded","section":"Shading Mode"},"sceneLighting":false,"audioPlay":false,"sceneViewState":{"showFog":true,"showMaterialUpdate":false,"showSkybox":true,"showFlares":true,"showImageEffects":true,"showParticleSystems":true},"in2DMode":false,"pivot":{"x":1.7917943000793458,"y":0.605887770652771,"z":-0.17710155248641969},"rotation":{"x":-0.1383063793182373,"y":0.8376711010932922,"z":-0.248447984457016,"w":-0.4663175642490387},"size":2.3507022857666017,"orthographic":false}