{"cameraMode":{"drawMode":0,"name":"Shaded","section":"Shading Mode"},"sceneLighting":false,"audioPlay":false,"sceneViewState":{"showFog":true,"showMaterialUpdate":false,"showSkybox":true,"showFlares":true,"showImageEffects":true,"showParticleSystems":true},"in2DMode":false,"pivot":{"x":0.500279426574707,"y":-0.8745559453964233,"z":0.04995885491371155},"rotation":{"x":0.2822546660900116,"y":0.6908633708953857,"z":-0.34119927883148196,"w":0.5715096592903137},"size":2.6507022380828859,"orthographic":false}