{"cameraMode":{"drawMode":0,"name":"Shaded","section":"Shading Mode"},"sceneLighting":false,"audioPlay":false,"sceneViewState":{"showFog":true,"showMaterialUpdate":false,"showSkybox":true,"showFlares":true,"showImageEffects":true,"showParticleSystems":true},"in2DMode":false,"pivot":{"x":14.34000015258789,"y":5.519999980926514,"z":-16.049999237060548},"rotation":{"x":-0.20367573201656342,"y":0.14180639386177064,"z":-0.029831431806087495,"w":-0.968254804611206},"size":22.0,"orthographic":false}