{"cameraMode":{"drawMode":0,"name":"Shaded","section":"Shading Mode"},"sceneLighting":false,"audioPlay":false,"sceneViewState":{"showFog":true,"showMaterialUpdate":false,"showSkybox":true,"showFlares":true,"showImageEffects":true,"showParticleSystems":true},"in2DMode":false,"pivot":{"x":-161.29066467285157,"y":0.2680214047431946,"z":-52.41379928588867},"rotation":{"x":0.4686751067638397,"y":0.010385138913989067,"z":-0.005509905982762575,"w":0.8832924365997315},"size":2.572159767150879,"orthographic":false}