{"cameraMode":{"drawMode":0,"name":"Shaded","section":"Shading Mode"},"sceneLighting":false,"audioPlay":false,"sceneViewState":{"showFog":true,"showMaterialUpdate":false,"showSkybox":true,"showFlares":true,"showImageEffects":true,"showParticleSystems":true},"in2DMode":false,"pivot":{"x":-0.18679845333099366,"y":-0.16761565208435059,"z":-0.6465744972229004},"rotation":{"x":-0.07308145612478256,"y":0.9244990348815918,"z":-0.29699835181236269,"w":-0.2274922877550125},"size":4.950085639953613,"orthographic":false}