{"cameraMode":{"drawMode":0,"name":"Shaded","section":"Shading Mode"},"sceneLighting":false,"audioPlay":false,"sceneViewState":{"showFog":true,"showMaterialUpdate":false,"showSkybox":true,"showFlares":true,"showImageEffects":true,"showParticleSystems":true},"in2DMode":false,"pivot":{"x":-25.048994064331056,"y":5.686999797821045,"z":-5.996997833251953},"rotation":{"x":-0.23994365334510804,"y":-0.6237406134605408,"z":0.20969241857528687,"w":-0.7137252688407898},"size":3.021137237548828,"orthographic":false}