{"cameraMode":{"drawMode":0,"name":"Shaded","section":"Shading Mode"},"sceneLighting":false,"audioPlay":false,"sceneViewState":{"showFog":true,"showMaterialUpdate":false,"showSkybox":true,"showFlares":true,"showImageEffects":true,"showParticleSystems":true},"in2DMode":false,"pivot":{"x":-163.5977325439453,"y":0.2319691777229309,"z":-56.991580963134769},"rotation":{"x":-0.5246524810791016,"y":-0.11775398999452591,"z":0.07355527579784394,"w":-0.8399187326431274},"size":3.169118881225586,"orthographic":false}