{"cameraMode":{"drawMode":0,"name":"Shaded","section":"Shading Mode"},"sceneLighting":false,"audioPlay":false,"sceneViewState":{"showFog":true,"showMaterialUpdate":false,"showSkybox":true,"showFlares":true,"showImageEffects":true,"showParticleSystems":true},"in2DMode":false,"pivot":{"x":0.0002884119749069214,"y":0.016506925225257875,"z":-0.00976511836051941},"rotation":{"x":-0.2551611065864563,"y":-0.5800600647926331,"z":0.19791772961616517,"w":-0.747831404209137},"size":0.8997637033462524,"orthographic":false}