{"cameraMode":{"drawMode":0,"name":"Shaded","section":"Shading Mode"},"sceneLighting":false,"audioPlay":false,"sceneViewState":{"showFog":true,"showMaterialUpdate":false,"showSkybox":true,"showFlares":true,"showImageEffects":true,"showParticleSystems":true},"in2DMode":false,"pivot":{"x":-161.29066467285157,"y":0.2680214047431946,"z":-52.41379928588867},"rotation":{"x":-0.33576127886772158,"y":-0.14673490822315217,"z":0.05303631350398064,"w":-0.9289351105690002},"size":2.572159767150879,"orthographic":false}