{"cameraMode":{"drawMode":0,"name":"Shaded","section":"Shading Mode"},"sceneLighting":false,"audioPlay":false,"sceneViewState":{"showFog":true,"showMaterialUpdate":false,"showSkybox":true,"showFlares":true,"showImageEffects":true,"showParticleSystems":true},"in2DMode":false,"pivot":{"x":14.846353530883789,"y":-15.598812103271485,"z":4.624401569366455},"rotation":{"x":-0.3227996230125427,"y":-0.5584661960601807,"z":0.24960686266422273,"w":-0.7222273945808411},"size":28.578840255737306,"orthographic":false}