{"cameraMode":{"drawMode":0,"name":"Shaded","section":"Shading Mode"},"sceneLighting":false,"audioPlay":false,"sceneViewState":{"showFog":true,"showMaterialUpdate":false,"showSkybox":true,"showFlares":true,"showImageEffects":true,"showParticleSystems":true},"in2DMode":false,"pivot":{"x":-0.00041672587394714355,"y":-0.0004317089915275574,"z":0.09477104246616364},"rotation":{"x":-0.2551611065864563,"y":-0.5800600647926331,"z":0.19791772961616517,"w":-0.747831404209137},"size":1.515909194946289,"orthographic":false}