{"cameraMode":{"drawMode":0,"name":"Shaded","section":"Shading Mode"},"sceneLighting":false,"audioPlay":false,"sceneViewState":{"showFog":true,"showMaterialUpdate":false,"showSkybox":true,"showFlares":true,"showImageEffects":true,"showParticleSystems":true},"in2DMode":false,"pivot":{"x":-0.030833616852760316,"y":-0.0002013370394706726,"z":0.1788698434829712},"rotation":{"x":-0.2769359350204468,"y":-0.6915947198867798,"z":0.3305460810661316,"w":-0.5794329047203064},"size":1.896804928779602,"orthographic":false}