{"cameraMode":{"drawMode":0,"name":"Shaded","section":"Shading Mode"},"sceneLighting":false,"audioPlay":false,"sceneViewState":{"showFog":true,"showMaterialUpdate":false,"showSkybox":true,"showFlares":true,"showImageEffects":true,"showParticleSystems":true},"in2DMode":false,"pivot":{"x":0.040715575218200687,"y":-0.13636982440948487,"z":0.42105817794799807},"rotation":{"x":-0.2769359350204468,"y":-0.6915947198867798,"z":0.3305460810661316,"w":-0.5794329047203064},"size":1.896047592163086,"orthographic":false}