{"cameraMode":{"drawMode":0,"name":"Shaded","section":"Shading Mode"},"sceneLighting":false,"audioPlay":false,"sceneViewState":{"showFog":true,"showMaterialUpdate":false,"showSkybox":true,"showFlares":true,"showImageEffects":true,"showParticleSystems":true},"in2DMode":false,"pivot":{"x":0.11128222942352295,"y":0.01418234407901764,"z":0.00013519823551177979},"rotation":{"x":-0.5246524810791016,"y":-0.11775398999452591,"z":0.07355527579784394,"w":-0.8399187326431274},"size":3.1691231727600099,"orthographic":false}