{"cameraMode":{"drawMode":0,"name":"Shaded","section":"Shading Mode"},"sceneLighting":false,"audioPlay":false,"sceneViewState":{"showFog":true,"showMaterialUpdate":false,"showSkybox":true,"showFlares":true,"showImageEffects":true,"showParticleSystems":true},"in2DMode":false,"pivot":{"x":-0.050000011920928958,"y":2.9802322387695315e-8,"z":-0.543461799621582},"rotation":{"x":-0.10830813646316529,"y":-0.8707444071769714,"z":0.2217349410057068,"w":-0.4253317713737488},"size":2.3310558795928957,"orthographic":false}