{"cameraMode":{"drawMode":0,"name":"Shaded","section":"Shading Mode"},"sceneLighting":false,"audioPlay":false,"sceneViewState":{"showFog":true,"showMaterialUpdate":false,"showSkybox":true,"showFlares":true,"showImageEffects":true,"showParticleSystems":true},"in2DMode":false,"pivot":{"x":1.2982054948806763,"y":-0.9981672763824463,"z":-0.13973134756088258},"rotation":{"x":-0.33471035957336428,"y":-0.5776589512825012,"z":0.28033530712127688,"w":-0.6897037625312805},"size":5.048513412475586,"orthographic":false}