{"cameraMode":{"drawMode":0,"name":"Shaded","section":"Shading Mode"},"sceneLighting":false,"audioPlay":false,"sceneViewState":{"showFog":true,"showMaterialUpdate":false,"showSkybox":true,"showFlares":true,"showImageEffects":true,"showParticleSystems":true},"in2DMode":false,"pivot":{"x":0.7382519245147705,"y":-1.3186399936676026,"z":-0.17583215236663819},"rotation":{"x":-0.17086520791053773,"y":-0.7522625923156738,"z":0.2145635336637497,"w":-0.5990565419197083},"size":4.999697208404541,"orthographic":false}