{"cameraMode":{"drawMode":0,"name":"Shaded","section":"Shading Mode"},"sceneLighting":true,"audioPlay":false,"sceneViewState":{"showFog":true,"showMaterialUpdate":false,"showSkybox":true,"showFlares":true,"showImageEffects":true,"showParticleSystems":true},"in2DMode":false,"pivot":{"x":155.5461883544922,"y":-41.7547721862793,"z":226.0823516845703},"rotation":{"x":0.021205030381679536,"y":-0.2912210524082184,"z":-0.006458820775151253,"w":-0.9563989639282227},"size":296.921630859375,"orthographic":false}