{"cameraMode":{"drawMode":0,"name":"Shaded","section":"Shading Mode"},"sceneLighting":false,"audioPlay":false,"sceneViewState":{"showFog":true,"showMaterialUpdate":false,"showSkybox":true,"showFlares":true,"showImageEffects":true,"showParticleSystems":true},"in2DMode":false,"pivot":{"x":-0.8396141529083252,"y":-0.47315651178359988,"z":-0.7761579751968384},"rotation":{"x":0.2176252156496048,"y":-0.6503891348838806,"z":0.2024833858013153,"w":0.6990234851837158},"size":1.6919012069702149,"orthographic":false}