{"cameraMode":{"drawMode":0,"name":"Shaded","section":"Shading Mode"},"sceneLighting":false,"audioPlay":false,"sceneViewState":{"showFog":true,"showMaterialUpdate":false,"showSkybox":true,"showFlares":true,"showImageEffects":true,"showParticleSystems":true},"in2DMode":false,"pivot":{"x":1.5758174657821656,"y":-2.864281177520752,"z":2.001857280731201},"rotation":{"x":-0.5367395877838135,"y":-0.355064332485199,"z":0.26546934247016909,"w":-0.7178899049758911},"size":12.895333290100098,"orthographic":false}