{"cameraMode":{"drawMode":0,"name":"Shaded","section":"Shading Mode"},"sceneLighting":false,"audioPlay":false,"sceneViewState":{"showFog":true,"showMaterialUpdate":false,"showSkybox":true,"showFlares":true,"showImageEffects":true,"showParticleSystems":true},"in2DMode":false,"pivot":{"x":-3.3495020866394045,"y":1.0499999523162842,"z":6.340000152587891},"rotation":{"x":-0.36856117844581606,"y":-0.586698591709137,"z":0.3400723934173584,"w":-0.6358445286750794},"size":2.8578836917877199,"orthographic":false}