{"cameraMode":{"drawMode":0,"name":"Shaded","section":"Shading Mode"},"sceneLighting":false,"audioPlay":false,"sceneViewState":{"showFog":true,"showMaterialUpdate":false,"showSkybox":true,"showFlares":true,"showImageEffects":true,"showParticleSystems":true},"in2DMode":false,"pivot":{"x":1.9345545768737794,"y":0.3411030173301697,"z":0.36272168159484866},"rotation":{"x":0.07753326743841171,"y":-0.8535175323486328,"z":0.13293050229549409,"w":0.497821182012558},"size":3.1295053958892824,"orthographic":false}