{"cameraMode":{"drawMode":0,"name":"Shaded","section":"Shading Mode"},"sceneLighting":false,"audioPlay":false,"sceneViewState":{"showFog":true,"showMaterialUpdate":false,"showSkybox":true,"showFlares":true,"showImageEffects":true,"showParticleSystems":true},"in2DMode":false,"pivot":{"x":-3.1015100479125978,"y":0.7000000476837158,"z":10.210000038146973},"rotation":{"x":-0.19797222316265107,"y":-0.7593862414360046,"z":0.2693147659301758,"w":-0.5582196712493897},"size":2.8578836917877199,"orthographic":false}