{"cameraMode":{"drawMode":0,"name":"Shaded","section":"Shading Mode"},"sceneLighting":false,"audioPlay":false,"sceneViewState":{"showFog":true,"showMaterialUpdate":false,"showSkybox":true,"showFlares":true,"showImageEffects":true,"showParticleSystems":true},"in2DMode":false,"pivot":{"x":-2.7459421157836916,"y":0.20000000298023225,"z":16.657062530517579},"rotation":{"x":0.4174995422363281,"y":0.020723778754472734,"z":-0.009525100700557232,"w":0.9083908796310425},"size":9.357114791870118,"orthographic":false}