{"cameraMode":{"drawMode":0,"name":"Shaded","section":"Shading Mode"},"sceneLighting":false,"audioPlay":false,"sceneViewState":{"showFog":true,"showMaterialUpdate":false,"showSkybox":true,"showFlares":true,"showImageEffects":true,"showParticleSystems":true},"in2DMode":false,"pivot":{"x":180.4443359375,"y":53.883018493652347,"z":162.8106689453125},"rotation":{"x":-0.2566678822040558,"y":-0.6701823472976685,"z":0.2675345540046692,"w":-0.6429638862609863},"size":16.240970611572267,"orthographic":false}