{"cameraMode":{"drawMode":0,"name":"Shaded","section":"Shading Mode"},"sceneLighting":false,"audioPlay":false,"sceneViewState":{"showFog":true,"showMaterialUpdate":false,"showSkybox":true,"showFlares":true,"showImageEffects":true,"showParticleSystems":true},"in2DMode":false,"pivot":{"x":3.6304643154144289,"y":2.0,"z":6.460294246673584},"rotation":{"x":-0.41579291224479678,"y":0.02591409720480442,"z":-0.011853359639644623,"w":-0.9090127944946289},"size":9.589893341064454,"orthographic":false}