{"cameraMode":{"drawMode":0,"name":"Shaded","section":"Shading Mode"},"sceneLighting":false,"audioPlay":false,"sceneViewState":{"showFog":true,"showMaterialUpdate":false,"showSkybox":true,"showFlares":true,"showImageEffects":true,"showParticleSystems":true},"in2DMode":false,"pivot":{"x":-2.817056179046631,"y":0.19520902633666993,"z":-0.8005278706550598},"rotation":{"x":-0.3307656943798065,"y":-0.3565732538700104,"z":0.1366654336452484,"w":-0.8630018830299377},"size":11.65615463256836,"orthographic":false}