{"cameraMode":{"drawMode":0,"name":"Shaded","section":"Shading Mode"},"sceneLighting":false,"audioPlay":false,"sceneViewState":{"showFog":true,"showMaterialUpdate":false,"showSkybox":true,"showFlares":true,"showImageEffects":true,"showParticleSystems":true},"in2DMode":false,"pivot":{"x":-0.6776759028434753,"y":0.47914770245552065,"z":-0.7143027782440186},"rotation":{"x":0.03641124814748764,"y":-0.9076756238937378,"z":0.41025590896606448,"w":0.08055658638477326},"size":7.503844738006592,"orthographic":false}