{"cameraMode":{"drawMode":0,"name":"Shaded","section":"Shading Mode"},"sceneLighting":false,"audioPlay":false,"sceneViewState":{"showFog":true,"showMaterialUpdate":false,"showSkybox":true,"showFlares":true,"showImageEffects":true,"showParticleSystems":true},"in2DMode":false,"pivot":{"x":2.738229274749756,"y":-0.5802451372146606,"z":-0.16152630746364594},"rotation":{"x":-0.25660255551338198,"y":-0.6509070992469788,"z":0.24947550892829896,"w":-0.6695050597190857},"size":11.680205345153809,"orthographic":false}