{"cameraMode":{"drawMode":0,"name":"Shaded","section":"Shading Mode"},"sceneLighting":false,"audioPlay":false,"sceneViewState":{"showFog":true,"showMaterialUpdate":false,"showSkybox":true,"showFlares":true,"showImageEffects":true,"showParticleSystems":true},"in2DMode":false,"pivot":{"x":-0.7645694017410278,"y":9.66894245147705,"z":-6.320193767547607},"rotation":{"x":0.4174995422363281,"y":0.020723778754472734,"z":-0.009525100700557232,"w":0.9083908796310425},"size":2.8578836917877199,"orthographic":false}