{"cameraMode":{"drawMode":0,"name":"Shaded","section":"Shading Mode"},"sceneLighting":false,"audioPlay":false,"sceneViewState":{"showFog":true,"showMaterialUpdate":false,"showSkybox":true,"showFlares":true,"showImageEffects":true,"showParticleSystems":true},"in2DMode":false,"pivot":{"x":-0.07899999618530274,"y":0.0,"z":-0.24699997901916505},"rotation":{"x":-0.44348767399787905,"y":-0.13224497437477113,"z":0.06634629517793656,"w":-0.8839842677116394},"size":2.8578836917877199,"orthographic":false}